amaco,V-301,Ivory Beige Underglaze
amaco,V-303,Terra Cotta Underglazes
amaco,V-304,Straw Underglaze
amaco,V-308,Yellow Underglaze
amaco,V-309,Deep Yellow Underglaze
amaco,V-313,Red Brown Underglaze
amaco,V-314,Chocolate Brown Underglaze
amaco,V-315,Peach Underglaze
amaco,V-316,Light Pink Underglaze
amaco,V-317,Coral Underglaze
amaco,V-318,Rose Underglaze
amaco,V-320,Lavender Underglaze
amaco,V-321,Lilac Underglaze
amaco,V-322,Purple Underglaze
amaco,V-323,Salmon Underglaze
amaco,V-324,Blush Underglaze
amaco,V-325,Baby Blue Underglaze
amaco,V-326,Medium Blue Underglaze
amaco,V-327,Turquoise Blue Underglaze
amaco,V-328,Iceberg Blue Underglaze
amaco,V-332,Teal Blue Underglaze
amaco,V-333,Avocado Underglaze
amaco,V-336,Royal Blue Underglaze
amaco,V-341,Blue Green Underglaze
amaco,V-343,Chartreuse Underglaze
amaco,V-345,Light Green Underglaze
amaco,V-347,Pistachio Underglaze
amaco,V-349,Cactus Underglaze
amaco,V-350,Orange Underglaze
amaco,V-353,Dark Green Underglaze
amaco,V-354,Leaf Green Underglaze
amaco,V-356,Pearl Gray Underglaze
amaco,V-360,White Underglaze
amaco,V-361,Jet Black Underglaze
amaco,V-366,Teddy Bear Brown
amaco,V-370,Velour Black Underglaze
amaco,V-372,Mint Green Underglaze
amaco,V-373,Medium Brown Underglaze
amaco,V-375,Maroon Underglaze
amaco,V-376,Hunter Green Underglaze
amaco,V-380,Violet Underglaze
amaco,V-381,Amethyst Underglaze
amaco,V-382,Red Underglaze
amaco,V-383,Light Red Underglaze
amaco,V-384,Real Orange Underglaze
amaco,V-385,Cinnamon Underglaze
amaco,V-386,Electric Blue Underglaze
amaco,V-387,Bright Red Underglaze
amaco,V-388,Radiant Red Underglaze
amaco,V-389,Flame Orange Underglaze
amaco,V-390,Bright Orange Underglaze
amaco,V-391,Intense Yellow Underglaze
amaco,LUG-1,Black
amaco,LUG-10,White
amaco,LUG-15,Warm Gray
amaco,LUG-20,Light Blue
amaco,LUG-21,Medium Blue
amaco,LUG-22,Dark Blue
amaco,LUG-25,Turquoise
amaco,LUG-26,Aqua
amaco,LUG-30,Light Brown
amaco,LUG-31,Mahogany Brown
amaco,LUG-40,Chartreuse
amaco,LUG-41,Warm Green
amaco,LUG-42,Blue Green
amaco,LUG-43,Dark Green
amaco,LUG-50,Pink
amaco,LUG-51,Rose
amaco,LUG-52,Peach
amaco,LUG-54,Lilac
amaco,LUG-55,Purple
amaco,LUG-56,Maroon
amaco,LUG-58,Dark Red
amaco,LUG-60,Light Yellow
amaco,LUG-61,Bright Yellow
amaco,LUG-65,Orange
amaco,A-22,Aztec Turquoise
amaco,A-24,Exotic Blue
amaco,A-28,Peacock
amaco,A-32,Iron Saturate
amaco,A-34,Sand Bar
amaco,A-40,Seafoam Green
amaco,A-43,Green Float
amaco,A-52,Old Brick
amaco,A-61,Moss Brown
amaco,A-62,Camel
amaco,A-66,Burnt Orange
amaco,CTL-1,Jet Moss
amaco,CTL-3,Lava
amaco,CTL-9,Snap Dragon
amaco,CTL-10,Peppermint Ice
amaco,CTL-11,Snowfire
amaco,CTL-12,Mardi Gras
amaco,CTL-15,Moon Scape
amaco,CTL-20,Royal Turquoise
amaco,CTL-22,Milky Way
amaco,CTL-26,Sea Mist
amaco,CTL-35,Nutmeg
amaco,CTL-36,Ginger Bread
amaco,CTL-37,Desert Tortoise
amaco,CTL-41,Melon
amaco,CTL-42,Fantasia
amaco,CTL-44,Turritella
amaco,CTL-46,Ultramarine Jewel
amaco,CTL-47,Tangerine Dream
amaco,CTL-48,Sun & Sea
amaco,CTL-49,Azurite
amaco,CTL-52,Watsonia Red
amaco,CTL-54,Firecracker
amaco,CTL-61,Buttercup
amaco,CTL-67,Summer Mango
amaco,CTL-69,Sassy Saffron
amaco,CTL-70,Magnolia Jewel
amaco,CTL-71,Purple Blaze
amaco,F-1,Jet Black
amaco,F-10,Clear Transparent
amaco,F-11,White
amaco,F-15,Warm Gray
amaco,F-20,Light Blue
amaco,F-21,Navy
amaco,F-22,Royal Blue
amaco,F-23,Vivid Blue
amaco,F-25,Turquoise
amaco,F-26,Aqua
amaco,F-27,Nairobi Blue
amaco,F-30,Chocolate
amaco,F-40,Chrome Green
amaco,F-41,Light Green
amaco,F-42,Celadon
amaco,F-43,Evergreen
amaco,F-47,Christmas Tree Green
amaco,F-50,Rose
amaco,F-51,Mauve
amaco,F-52,Burgundy
amaco,F-53,Sand
amaco,F-54,Peach
amaco,F-55,Pink
amaco,F-57,Coral
amaco,F-58,Red
amaco,F-60,Golden Yellow
amaco,F-61,Lemon Yellow
amaco,F-65,Amber
amaco,F-66,Orange
amaco,F-70,Violet
amaco,F-71,Amethyst
amaco,LG-1,True Black
amaco,LG-2,Black Lustre
amaco,LG-10,Clear Transparent
amaco,LG-11,Opaque White
amaco,LG-14,Gray
amaco,LG-20,Blue
amaco,LG-21,Dark Blue
amaco,LG-23,Robin's Egg
amaco,LG-24,Light Blue
amaco,LG-25,Turquoise Green
amaco,LG-26,Turquoise
amaco,LG-27,Turquoise Crackle
amaco,LG-30,Chocolate Brown
amaco,LG-32,Metallic Brown
amaco,LG-34,Red Brown
amaco,LG-36,Freckled Brown
amaco,LG-40,Dark Green
amaco,LG-42,Light Green
amaco,LG-44,Olive Green
amaco,LG-45,Emerald Green
amaco,LG-46,Leaf Green
amaco,LG-48,Chrome Green
amaco,LG-50,Maroon
amaco,LG-51,Lilac
amaco,LG-52,Petal Pink
amaco,LG-54,Mulberry Red
amaco,LG-55,Purple
amaco,LG-57,Intense Red
amaco,LG-58,Brilliant Red
amaco,LG-59,Hot Red
amaco,LG-60,Dark Yellow
amaco,LG-61,Canary Yellow
amaco,LG-62,Light Yellow
amaco,LG-63,Brilliant Yellow
amaco,LG-65,Amber
amaco,LG-67,Fire Orange
amaco,LG-68,Vivid Orange
amaco,LG-760,Pale Yellow
amaco,LM-1,Satin Black
amaco,LM-10,Transparent Matte
amaco,LM-11,Opaque White
amaco,LM-13,Terra Cotta
amaco,LM-15,Dove Gray
amaco,LM-16,Elephant Hide
amaco,LM-20,Blue Iris
amaco,LM-21,Sky Blue
amaco,LM-25,Robin's Egg Blue
amaco,LM-41,Chartreuse
amaco,LM-42,Parakeet Green
amaco,LM-46,Dark Green
amaco,LM-52,Pink
amaco,LM-53,Orchid
amaco,LM-54,Coral
amaco,LM-56,Red
amaco,LM-58,Purple
amaco,LM-60,Daffodil Yellow
amaco,LM-61,Soft Yellow
amaco,LM-65,Butterscotch
amaco,LM-66,Orange
amaco,LM-67,Tangerine
amaco,LM-231,Chestnut Brown
amaco,LM-244,Blue Green
amaco,O-2,Black Tulip
amaco,O-10,Transparent Pearl
amaco,O-11,White Clover
amaco,O-12,Tawny
amaco,O-20,Bluebell
amaco,O-21,Aquamarine
amaco,O-23,Sapphire Blue
amaco,O-26,Turquoise
amaco,O-30,Autumn Leaf
amaco,O-42,Moss Green
amaco,O-52,Fuchsia
amaco,O-54,Dusty Rose
amaco,O-57,Mottled Burgundy
amaco,LT-3,Old Pewter
amaco,LT-12,Speckled Green
amaco,LT-13,Dalmatian
amaco,LT-15,Speckled Blue Gray
amaco,LT-16,Green Stone
amaco,LT-17,Liana Gray
amaco,LT-22,Tahitian Blue
amaco,LT-34,Antique Brown
amaco,LT-48,Moss Agate
amaco,LT-132,Jewel Brown
amaco,LT-147,Yellow Green
amaco,LT-161,Tiger Eye
amaco,LT-166,Mottled Orange
amaco,TP-1,Coal Black
amaco,TP-11,Cotton
amaco,TP-15,Gray
amaco,TP-20,Sky Blue
amaco,TP-21,Midnight Blue
amaco,TP-22,Blue Green
amaco,TP-24,Medium Blue
amaco,TP-26,Robin's Egg Blue
amaco,TP-30,Caramel
amaco,TP-32,Fudge Brown
amaco,TP-40,Mint Green
amaco,TP-41,Frog Green
amaco,TP-42,Granny Smith
amaco,TP-43,Green Leaf
amaco,TP-51,Grape
amaco,TP-52,Raspberry
amaco,TP-53,Pig Pink
amaco,TP-54,Lilac
amaco,TP-56,Scarlet
amaco,TP-58,Brick Red
amaco,TP-60,Lemon
amaco,TP-62,Maize
amaco,TP-64,Carrot
amaco,TP-65,Pumpkin
amaco,TPL-03,Onyx
amaco,TPL-05,Quartz
amaco,TPL-23,Aquamarine
amaco,TPL-27,Zircon
amaco,TPL-28,Sapphire
amaco,TPL-34,Jasper
amaco,TPL-44,Peridot
amaco,TPL-45,Emerald
amaco,TPL-55,Tanzanite
amaco,TPL-59,Ruby
amaco,TPL-63,Citrine
amaco,TPL-66,Fire Opal
amaco,TC-1,Black
amaco,TC-11,White
amaco,TC-21,Blue
amaco,TC-32,Brown
amaco,TC-41,Green
amaco,TC-58,Red
amaco,TC-60,Yellow
amaco,TC-64,Orange
amaco,DC-10,Low-Fire Dipping Clear (Dry Mix)
amaco,DC-10,Low-Fire Dipping Clear (Liquid)
amaco,DW-11,Low-Fire Dipping White
amaco,PC-01,Saturation Metallic
amaco,PC-02,Saturation Gold
amaco,PC-04,Palladium
amaco,PC-9,Vintage Gold
amaco,PC-10,June Bug
amaco,PC-11,Blue Spark
amaco,PC-12,Blue Midnight
amaco,PC-15,Satin Oribe
amaco,PC-20,Blue Rutile
amaco,PC-21,Arctic Blue
amaco,PC-22,Blue Stone
amaco,PC-23,Indigo Float
amaco,PC-24,Sapphire Float
amaco,PC-25,Textured Turquoise
amaco,PC-26,Blue Lagoon
amaco,PC-27,Tourmaline
amaco,PC-28,Frosted Turquoise
amaco,PC-29,Deep Olive Speckle
amaco,PC-30,Temmoku
amaco,PC-31,Oatmeal
amaco,PC-32,Albany Slip Brown
amaco,PC-33,Iron Lustre
amaco,PC-34,Light Sepia
amaco,PC-35,Oil Spot
amaco,PC-36,Ironstone
amaco,PC-37,Smoked Sienna
amaco,PC-38,Iron Yellow
amaco,PC-39,Umber Float
amaco,PC-40,True Celadon
amaco,PC-41,Vert Lustre
amaco,PC-42,Seaweed
amaco,PC-43,Toasted Sage
amaco,PC-44,Sage
amaco,PC-45,Dark Green
amaco,PC-46,Lustrous Jade
amaco,PC-47,Emerald Falls
amaco,PC-48,Art Deco Green
amaco,PC-49,Frosted Melon
amaco,PC-50,Shino
amaco,PC-52,Deep Sienna Speckle
amaco,PC-53,Ancient Jasper
amaco,PC-55,Chun Plum
amaco,PC-56,Ancient Copper
amaco,PC-57,Smokey Merlot
amaco,PC-59,Deep Firebrick
amaco,PC-60,Salt Buff
amaco,PC-61,Textured Amber
amaco,PC-62,Textured Amber Brown
amaco,PC-63,Cosmic Tea Dust
amaco,PC-64,Aventurine
amaco,PC-67,River Rock
amaco,PC-70,Copper Red
amaco,PC-71,Flamb√©
amaco,C-1,Obsidian
amaco,C-3,Smoke
amaco,C-5,Charcoal
amaco,C-10,Snow
amaco,C-11,Mixing Clear
amaco,C-19,Glacier
amaco,C-20,Cobalt
amaco,C-21,Sky
amaco,C-22,Fog
amaco,C-23,Ice
amaco,C-25,Downpour
amaco,C-27,Storm
amaco,C-29,Deep Sea
amaco,C-32,Ochre
amaco,C-36,Iron
amaco,C-40,Aqua
amaco,C-41,Pear
amaco,C-43,Wasabi
amaco,C-47,Jade
amaco,C-49,Rainforest
amaco,C-50,Cherry Blossom
amaco,C-53,Weeping Plum
amaco,C-54,Snapdragon
amaco,C-55,Poppy
amaco,C-56,Lavender
amaco,C-57,Mulberry
amaco,C-60,Marigold
amaco,C-65,Tangelo
amaco,HF-1,Black
amaco,HF-9,Zinc-Free Clear
amaco,HF-10,Clear
amaco,HF-11,White
amaco,HF-12,Clear Satin
amaco,HF-26,Turquoise
amaco,HF-55,Coral
amaco,HF-56,Red Gloss
amaco,HF-125,Turquoise
amaco,HF-127,China Blue
amaco,HF-129,Baby Blue
amaco,HF-142,Chartreuse
amaco,HF-161,Bright Yellow
amaco,HF-165,Scarlet Red
amaco,HF-166,Orangerie
amaco,HF-167,Clementine
amaco,HF-170,Lilac
amaco,HF-171,Amethyst
amaco,SM-1,Black
amaco,SM-10,Clear Satin
amaco,SM-11,White
amaco,SM-20,Light Blue
amaco,SM-21,Dark Blue
amaco,SM-27,Teal
amaco,SM-29,Blue Green
amaco,SM-42,Mint
amaco,SM-44,Chartreuse
amaco,SM-51,Red
amaco,SM-63,Yellow
amaco,SM-68,Orange
amaco,SH-11,Chai Gloss
amaco,SH-12,Chai Matte
amaco,SH-21,Acai Gloss
amaco,SH-22,Acai Matte
amaco,SH-31,Cacao Gloss
amaco,SH-32,Cacao Matte
amaco,SH-41,Oolong Gloss
amaco,SH-42,Oolong Matte
amaco,SH-45,Matcha Gloss
amaco,SH-46,Matcha Matte
amaco,SH-51,Hibiscus Gloss
amaco,SH-52,Hibiscus Matte
amaco,R-10,Clear Crackle
amaco,R-11,White Crackle
amaco,R-12,Blue Bell
amaco,R-13,Smokey Blue
amaco,R-14,Smokey Lilac
amaco,R-15,Caribbean Blue
amaco,R-16,Copper Patina
amaco,R-17,Tarnished Silver
amaco,R-18,Lustrous Copper
amaco,R-19,Copper Matte
amaco,R-20,Red Crackle
amaco,R-21,Yellow Crackle
amaco,TH-1,High Fire Texturizer
amaco,TL-1,Low Fire Texturizer
